comment,tool,published_date
"Love the ease of use of tool1, but it crashes sometimes.",tool1,2024-02-17
"Tool2 is powerful, but the interface is confusing.",tool2,2024-02-16
"Tool1 is a lifesaver! Makes my work so much faster.",tool1,2024-02-15
"I hate tool2! It's too complicated and not intuitive.",tool2,2024-02-14
"Tool1 is great, but I wish it had more features.",tool1,2024-02-13
"Tool2 is amazing for certain tasks, but not for others.",tool2,2024-02-12
"Overall, I'm happy with tool1. It's reliable and easy to use.",tool1,2024-02-11
"Tool2 is a love-hate relationship. It's powerful, but frustrating at times.",tool2,2024-02-10
"Tool1 is a solid tool, but could use some performance improvements.",tool1,2024-02-09
"Tool2 is definitely different, but I'm starting to get the hang of it.",tool2,2024-02-08
"Tool1 is my go-to tool for most tasks. Highly recommend!",tool1,2024-02-07
"Tool2 is not for everyone, but it works well for me once you learn it.",tool2,2024-02-06
"Tool1 is a great time-saver, but I've encountered a few bugs.",tool1,2024-02-05
"Tool2 is innovative, but the learning curve is steep.",tool2,2024-02-04
"Overall, I'm satisfied with tool1. It's a good all-rounder.",tool1,2024-02-03
"Tool2 is a powerful tool, but it needs better user documentation.",tool2,2024-02-02
"Tool1 is user-friendly, but lacks some advanced features.",tool1,2024-02-01
"Tool2 is definitely polarizing. People either love it or hate it.",tool2,2024-01-31
"Tool1 is a reliable tool that I can always count on.",tool1,2024-01-30
"Tool2 is not for the faint of heart, but it can be very effective.",tool2,2024-01-29
"Tool1's customer support is fantastic. They helped me resolve my issue quickly.",tool1,2024-02-18
"I wish tool2 had a free trial so I could try it before committing.",tool2,2024-02-17
"Overall, I prefer tool1 for its simplicity and ease of use.",tool1,2024-02-16
"Tool2 is a great option for power users who need advanced features.",tool2,2024-02-15
"I would recommend tool1 to anyone looking for a user-friendly and reliable tool.",tool1,2024-02-14
"Tool2's community forum is a valuable resource for learning and troubleshooting.",tool2,2024-02-13
"I hope the developers of tool1 continue to add new features and improvements.",tool1,2024-02-12
"Tool2 has the potential to be a game-changer, but it needs some refinement.",tool2,2024-02-11
"I'm looking forward to seeing how tool1 evolves in the future.",tool1,2024-02-10
"Tool2 is definitely worth considering for those who are comfortable with a learning curve.",tool2,2024-02-09
"Tool1 crashes way too often, making it unreliable for important tasks.",tool1,2024-02-18
"Tool2's pricing is simply outrageous for the features it offers.",tool2,2024-02-17
"I'm completely lost with tool2's interface. It's not intuitive at all.",tool2,2024-02-16
"Tool1 feels outdated and lacks the modern features I need.",tool1,2024-02-15
"The customer service for tool2 is non-existent. They never respond to my inquiries.",tool2,2024-02-14
"Tool1 is just a basic tool with limited functionality.",tool1,2024-02-13
"I wasted so much time trying to figure out tool2, only to give up in frustration.",tool2,2024-02-12
"Tool1 is overpriced for what it offers. There are better options available.",tool1,2024-02-11
"Tool2 feels like a beta product still under development. It's full of bugs and glitches.",tool2,2024-02-10
"I would never recommend tool1 to anyone. It's simply not worth the hassle.",tool1,2024-02-09
"I'm pretty sure tool1 is powered by hamsters running on wheels. ",tool1,2024-02-18
"Using tool2 is like trying to herd cats. It's a chaotic, yet strangely entertaining experience.",tool2,2024-02-17
"Tool1 is so easy to use, even my grandma could figure it out (and she still thinks the internet is magic).",tool1,2024-02-16
"Tool2 is the Marmite of productivity tools. You either love it or hate it, with no in-between.",tool2,2024-02-15
"I'm convinced tool1 has a built-in procrastination feature. It's way too easy to get lost in there.",tool1,2024-02-14
"Tool2's interface is so unique, it should come with a decoder ring. ",tool2,2024-02-13
"Using tool1 is like riding a bike. Once you get the hang of it, it's smooth sailing (except for the occasional crash).",tool1,2024-02-12
"Tool2 is like a high-maintenance relationship. It requires a lot of effort, but the results can be amazing.",tool2,2024-02-11
"I'm not sure what tool1 is doing behind the scenes, but it somehow makes my work disappear (and hopefully reappear finished!).",tool1,2024-02-10
"Tool2 is the caffeine shot of productivity tools. It gets the job done, but leaves you feeling jittery afterwards.",tool2,2024-02-09
